{"has_child":1,"home_url":"http:\/\/localhost\/atkperftheme","root_flag":"custom","php_version":"8.2.13","mysql_version":"8.2.0","wp_version":"6.4.3","child_file":{"localhost_atkperftheme_wpvivid-65fb1440ae522_2024-03-20-17-52_backup_db.zip":{"files":["localhost_atkperftheme_wpvivid-65fb1440ae522_2024-03-20-17-52_backup_db.sql"],"tables":[{"name":"adzjoidzapojhi_links","size":1024,"rows":"0"},{"name":"adzjoidzapojhi_term_relationships","size":3261,"rows":"9"},{"name":"adzjoidzapojhi_commentmeta","size":4096,"rows":"0"},{"name":"adzjoidzapojhi_termmeta","size":4096,"rows":"0"},{"name":"adzjoidzapojhi_term_taxonomy","size":4176,"rows":"2"},{"name":"adzjoidzapojhi_comments","size":7604,"rows":"1"},{"name":"adzjoidzapojhi_users","size":8320,"rows":"1"},{"name":"adzjoidzapojhi_terms","size":13376,"rows":"2"},{"name":"adzjoidzapojhi_usermeta","size":13588,"rows":"29"},{"name":"adzjoidzapojhi_posts","size":99348,"rows":"161"},{"name":"adzjoidzapojhi_postmeta","size":236872,"rows":"1594"},{"name":"adzjoidzapojhi_options","size":1074180,"rows":"183"}],"dump_db":1,"file_type":"databases","home_url":"http:\/\/localhost\/atkperftheme","root_flag":"custom","php_version":"8.2.13","mysql_version":"8.2.0","wp_version":"6.4.3","find_zero_date":1,"file":"localhost_atkperftheme_wpvivid-65fb1440ae522_2024-03-20-17-52_backup_db.part001.zip"},"localhost_atkperftheme_wpvivid-65fb1440ae522_2024-03-20-17-52_backup_themes.zip":{"file_type":"themes","root_flag":"wp-content","php_version":"8.2.13","mysql_version":"8.2.0","wp_version":"6.4.3","themes":{"atk-custom":{"slug":"atk-custom"},"twentytwentyfour":{"slug":"twentytwentyfour"}},"file":"localhost_atkperftheme_wpvivid-65fb1440ae522_2024-03-20-17-52_backup_themes.part001.zip"},"localhost_atkperftheme_wpvivid-65fb1440ae522_2024-03-20-17-52_backup_plugin.zip":{"file_type":"plugin","root_flag":"wp-content","php_version":"8.2.13","mysql_version":"8.2.0","wp_version":"6.4.3","plugin":{"advanced-custom-fields-pro":{"slug":"advanced-custom-fields-pro"},"akismet":{"slug":"akismet"},"contact-form-7":{"slug":"contact-form-7"}},"file":"localhost_atkperftheme_wpvivid-65fb1440ae522_2024-03-20-17-52_backup_plugin.part001.zip"},"localhost_atkperftheme_wpvivid-65fb1440ae522_2024-03-20-17-52_backup_uploads.zip":{"file_type":"upload","root_flag":"wp-content","php_version":"8.2.13","mysql_version":"8.2.0","wp_version":"6.4.3","file":"localhost_atkperftheme_wpvivid-65fb1440ae522_2024-03-20-17-52_backup_uploads.part001.zip"},"localhost_atkperftheme_wpvivid-65fb1440ae522_2024-03-20-17-52_backup_content.zip":{"file_type":"wp-content","root_flag":"wp-content","php_version":"8.2.13","mysql_version":"8.2.0","wp_version":"6.4.3","file":"localhost_atkperftheme_wpvivid-65fb1440ae522_2024-03-20-17-52_backup_content.part001.zip"},"localhost_atkperftheme_wpvivid-65fb1440ae522_2024-03-20-17-52_backup_core.zip":{"file_type":"wp-core","include_path":["wp-includes","wp-admin"],"wp_core":1,"root_flag":"root","home_url":"http:\/\/localhost\/atkperftheme","file":"localhost_atkperftheme_wpvivid-65fb1440ae522_2024-03-20-17-52_backup_core.part001.zip"}},"file":"localhost_atkperftheme_wpvivid-65fb1440ae522_2024-03-20-17-52_backup_all.part001.zip"}